product_name,current_price,recommended_price,action,current_demand,predicted_demand,current_profit,expected_profit,profit_change,improvement_pct
Bluetooth Speaker,1781,1602.9,Decrease 10%,46.383714631739295,50.93829895120497,29731.96107894489,23579.338584512785,-6152.622494432104,-20.69363160437194
Gaming Mouse,1183,1242.15,Increase 5%,78.3289151130775,69.69625500706918,31566.552790570233,32210.12425151703,643.5714609467977,2.038776502510751
Power Bank,1577,1419.3,Decrease 10%,56.46636570711598,68.01727116824465,38227.72958371752,35321.36891766944,-2906.36066604808,-7.602755114407833
Webcam HD,1929,2025.45,Increase 5%,40.23468077414337,27.31310429800393,29331.082284350516,22545.601942787343,-6785.480341563172,-23.134094663746993
Power Bank,1553,1630.65,Increase 5%,31.608994072797863,23.299269266758404,20640.673129537005,17023.61108975703,-3617.0620397799757,-17.52395388018584
Power Bank,1453,1380.35,Decrease 5%,31.75964518646671,39.54118933728543,17563.08378811609,18993.610298165055,1430.5265100489632,8.145075929187998
Webcam HD,1877,1689.3,Decrease 10%,50.233626620141294,73.30263915917158,34008.165221835654,35866.98134058265,1858.816118746996,5.465793601689232
Smart Watch,4563,4791.150000000001,Increase 5%,57.41185431703552,45.77618046115278,89734.72829752651,81992.00563299382,-7742.722664532688,-8.628457244402346
Wireless Headphones,2396,2515.8,Increase 5%,57.973655777289935,46.56469454162437,51944.39557645178,47300.416715382045,-4643.978861069736,-8.940288571140895
Power Bank,1526,1373.4,Decrease 10%,58.75330289255294,69.05956319207951,36779.56761073814,32692.797215130446,-4086.770395607691,-11.111523764663618
Wireless Headphones,2712,2440.8,Decrease 10%,1.3481077643184323,25.73367645546592,1633.9066103539399,24210.24280930234,22576.3361989484,1381.739694048846
Power Bank,1612,1450.8,Decrease 10%,19.406126313393976,35.03305235370532,13817.161935136512,19296.20523642089,5479.043301284379,39.65389800745826
Phone Case,503,528.15,Increase 5%,87.59219433792207,79.65461887663946,26540.434884390386,26138.663184369238,-401.7717000211487,-1.513809784094565
Mechanical Keyboard,3741,3553.95,Decrease 5%,66.51712976718412,80.13297334522528,109154.60994794914,116509.33659529028,7354.726647341144,6.737898335991745
Gaming Mouse,1285,1156.5,Decrease 10%,54.94146339735579,68.43076686374367,27745.439015664673,25764.18372419949,-1981.2552914651824,-7.140832373733912
Gaming Mouse,1274,1146.6000000000001,Decrease 10%,41.67138685785071,50.256110164646,20585.66510777825,18423.88998635923,-2161.775121419021,-10.501361554755881
Laptop Stand,891,801.9,Decrease 10%,66.24216338578229,81.698894119265,23250.999348409583,21396.9403698355,-1854.0589785740813,-7.974104470915582
Wireless Headphones,2287,2401.35,Increase 5%,64.79772399789341,37.53468944736899,50995.80878634212,33831.89233338604,-17163.91645295608,-33.65750413895383
Smart Watch,4868,4624.599999999999,Decrease 5%,64.63839185849132,89.56614284587305,120744.51599166178,145509.1556674053,24764.63967574353,20.50994984936102
Bluetooth Speaker,1871,1964.5500000000002,Increase 5%,42.93469594644029,28.752056283272132,31385.262736847853,23707.508008372042,-7677.754728475811,-24.46292960122888
Laptop Stand,857,814.15,Decrease 5%,55.993279368383426,65.87706854356207,17749.869559777548,18060.19834121754,310.3287814399919,1.7483440111763904
Smart Watch,4585,4126.5,Decrease 10%,4.118304681138731,24.929746592120875,6527.512919604889,28083.359536024167,21555.84661641928,330.23062354542316
Bluetooth Speaker,1769,1945.9,Increase 10%,39.094693502331026,20.736293131220393,24590.562212966215,16711.378634450517,-7879.183578515698,-32.04149425408879
Phone Case,461,414.90000000000003,Decrease 10%,62.62620595234045,67.93879296231736,16345.439753560857,14600.046607602004,-1745.393145958853,-10.678165728631551
Bluetooth Speaker,1733,1646.35,Decrease 5%,22.68267971586529,25.119807902250656,13450.829071508117,12719.414731304618,-731.4143402034988,-5.437689649575572
Wireless Headphones,2506,2255.4,Decrease 10%,12.649168458211491,37.25692516673471,12725.06346896076,28143.881270951402,15418.817801990643,121.16888720909364
Phone Case,502,451.8,Decrease 10%,58.23807703733804,65.35846073436569,17587.899265276086,16457.26041291328,-1130.6388523628048,-6.4285042534615435
Webcam HD,1992,1792.8,Decrease 10%,35.87004764595776,54.54115588535939,28409.07773559855,32331.997208841043,3922.919473242495,13.808682948995573
Webcam HD,1902,1711.8,Decrease 10%,3.769076165431654,23.262146530830698,2645.891468133021,11905.56659447915,9259.67512634613,349.9642837912732
Wireless Headphones,2365,2246.75,Decrease 5%,57.18896687005614,72.02253761432144,49468.45634259856,53782.829963494536,4314.373620895974,8.721464019447795
Laptop Stand,920,828.0,Decrease 10%,52.17437323181103,64.48805511815769,19826.26182808819,18572.559874029415,-1253.7019540587753,-6.323440923606865
Webcam HD,2175,1957.5,Decrease 10%,17.49464027752337,50.75267790759259,17057.274270585287,38445.15351500139,21387.8792444161,125.38861077762466
Mechanical Keyboard,3563,3741.15,Increase 5%,45.48881941955341,30.148200511059652,66550.14281080663,49477.71926872555,-17072.42354208108,-25.653473938614606
Webcam HD,2101,2311.1000000000004,Increase 10%,39.20428658098162,17.71854871970595,35323.06220946444,19687.079482465288,-15635.982726999155,-44.26564898104915
Phone Case,538,591.8000000000001,Increase 10%,63.38555856590905,58.37268305381816,21424.31879527726,22870.417220485957,1446.0984252086964,6.749798857210208
Mechanical Keyboard,3451,3105.9,Decrease 10%,45.004908978141806,81.92798787270611,60801.63202946958,82411.36300115508,21609.7309716855,35.54136665478257
Smart Watch,5276,4748.400000000001,Decrease 10%,4.785647073409919,51.98734854697442,10892.132739080977,90894.68019953009,80002.54746044912,734.4984621184421
Power Bank,1607,1446.3,Decrease 10%,25.187603991259703,42.62059469763314,17807.63602182061,23283.630883316982,5475.994861496372,30.750824280024336
Phone Case,512,563.2,Increase 10%,72.93931219844444,55.34252947374846,22757.065405914665,20100.406704865443,-2656.658701049222,-11.67399510289558
Gaming Mouse,1183,1064.7,Decrease 10%,21.376505867080787,37.48078634362285,8614.731864433557,10670.779872029429,2056.0480075958712,23.86665121969019
Wireless Headphones,2343,2108.7000000000003,Decrease 10%,71.42236917995017,75.0719662104838,60209.05721869799,45696.30583232151,-14512.751386376483,-24.103933954092096
Bluetooth Speaker,1923,2019.15,Increase 5%,76.79380794763165,66.89263137754783,60129.55162299558,58808.65687557118,-1320.894747424405,-2.196748041139974
Gaming Mouse,1239,1362.9,Increase 10%,26.831583021219448,12.65932041208125,12315.696606739726,7379.117868202162,-4936.578738537564,-40.083633887473624
Mechanical Keyboard,3311,2979.9,Decrease 10%,63.51359467485814,83.11754984661638,76914.9631512532,73135.13211003777,-3779.8310412154387,-4.914298709059256
USB Cable,322,338.1,Increase 5%,67.24585614795947,69.98481979489546,13583.662941887813,15263.689197266702,1680.026255378889,12.367991333163957
Webcam HD,1839,1930.95,Increase 5%,64.52802485393727,57.10577935102179,41233.40788166592,41741.46941662938,508.0615349634609,1.2321599427860197
Mechanical Keyboard,3218,3057.1,Decrease 5%,55.74260288118518,63.762658597342465,62320.23002116503,61027.24054351647,-1292.9894776485598,-2.0747508107871844
Webcam HD,1834,1650.6000000000001,Decrease 10%,45.44196767369076,67.03791710614605,28810.207505119943,30207.285448029423,1397.07794290948,4.849246374435872
Wireless Headphones,2632,2763.6,Increase 5%,53.184186556314344,45.602204850539884,60204.49918174784,57622.94604914219,-2581.5531326056444,-4.287973768891167
Smart Watch,5122,4609.8,Decrease 10%,43.73179726567531,76.19063190607979,92798.87379776301,122651.67924240725,29852.80544464424,32.16936178525462
USB Cable,284,312.40000000000003,Increase 10%,76.25587933585786,73.10898427147833,12505.964211080689,14066.168573832434,1560.204362751745,12.475682293807889
Gaming Mouse,1354,1218.6000000000001,Decrease 10%,10.420199493009585,33.07702619823653,5981.194508987502,14507.583690546548,8526.389181559047,142.55328377545771
USB Cable,310,279.0,Decrease 10%,48.15214080254195,58.4721065216258,9148.90675248297,9297.064936938501,148.15818445553123,1.6194086185797203
Gaming Mouse,1222,1099.8,Decrease 10%,46.41852746992686,68.28812321260139,20516.989141707672,21838.541803389922,1321.55266168225,6.4412602285573675
Webcam HD,1825,1642.5,Decrease 10%,33.234633719109276,51.38865181194821,20771.6460744433,22739.478426787082,1967.832352343783,9.473646649337697
Smart Watch,4906,4415.400000000001,Decrease 10%,18.876915312469666,64.17893417627907,35979.400585567186,90838.86343310543,54859.46284753825,152.47464369805158
Power Bank,1535,1381.5,Decrease 10%,19.026714765961223,39.97083171574025,12081.963876385376,19245.95547112893,7163.991594743555,59.29492645434761
Smart Watch,4709,4473.55,Decrease 5%,71.67365575624545,105.01115854701214,122490.27768742348,154739.19267694975,32248.914989526267,26.327734411559245
Phone Case,539,512.05,Decrease 5%,81.41371282730353,85.936685638022,27599.248648455894,26816.542753344762,-782.7058951111321,-2.835968127541481
Gaming Mouse,1298,1168.2,Decrease 10%,30.965480258363854,42.49573024911916,16040.118773832477,16496.84248270806,456.7237088755828,2.8473835843452266
USB Cable,287,315.70000000000005,Increase 10%,72.0822103834074,74.46605091286847,12037.729134029036,14573.006163648362,2535.2770296193266,21.061090521238267
Laptop Stand,893,937.6500000000001,Increase 5%,37.88662965367754,38.05743812025114,13373.980267748171,15133.54026851787,1759.5600007696994,13.156591871254223
Smart Watch,4678,4911.900000000001,Increase 5%,56.15844536865218,38.41903672289495,94233.87132859835,73453.35631050287,-20780.51501809548,-22.05206548888643
Phone Case,525,472.5,Decrease 10%,37.556102270569376,55.19263153367889,12205.733237935046,15039.992092927498,2834.2588549924512,23.220717672115438
Bluetooth Speaker,1784,1605.6000000000001,Decrease 10%,72.99888732216903,83.2047766845099,47011.28343547685,38740.14402430782,-8271.139411169032,-17.59394512706976
Bluetooth Speaker,2085,1876.5,Decrease 10%,19.472246005911718,47.75724103901868,18401.272475586575,35173.20802523726,16771.935549650687,91.14552035410829
Webcam HD,2149,1934.1000000000001,Decrease 10%,55.83741264976295,76.94846856996006,52989.70460462504,56487.87077720769,3498.166172582649,6.601595911288251
USB Cable,285,256.5,Decrease 10%,78.67394031846652,71.351280902632,12981.200152546975,9739.449843209268,-3241.750309337707,-24.972654848878975
Wireless Headphones,2550,2295.0,Decrease 10%,38.22436878294641,52.5364990046395,40135.58722209372,41766.5167086884,1630.9294865946795,4.063549581496817
USB Cable,288,259.2,Decrease 10%,41.334248833080075,56.91008076817206,6944.1538039574525,7921.88324292955,977.7294389720973,14.079893196128406
USB Cable,293,263.7,Decrease 10%,45.98996751839062,53.40050966133373,7956.264380681578,7673.653238333656,-282.6111423479215,-3.5520582125717577
Gaming Mouse,1222,1099.8,Decrease 10%,54.608593059986774,62.8675235882506,24136.998132514153,20105.034043522537,-4031.9640889916154,-16.70449683451021
Power Bank,1513,1361.7,Decrease 10%,55.09553930164481,70.93061916891804,33773.56559190827,32748.666870289464,-1024.898721618807,-3.0346180619565977
Phone Case,455,500.50000000000006,Increase 10%,51.26858520409138,51.48175749822776,13073.489227043301,15470.268128217444,2396.7789011741424,18.333123311994328
Laptop Stand,817,735.3000000000001,Decrease 10%,54.481142417263676,75.23524658969208,15091.276449582037,14693.44365896687,-397.83279061516805,-2.6361772110150845
Gaming Mouse,1195,1075.5,Decrease 10%,34.05095808045038,41.21041408789481,14131.147603386908,12177.677362972916,-1953.4702404139916,-13.82386126902949
Smart Watch,5331,4797.900000000001,Decrease 10%,26.12151240831622,76.51107061467802,60889.24542378511,137559.25385812964,76670.00843434452,125.9171597557604
Laptop Stand,879,922.95,Increase 5%,64.14406758833083,54.95959632708803,21744.83891244415,21046.777413458363,-698.0614989857859,-3.2102399185229133
Gaming Mouse,1385,1246.5,Decrease 10%,54.06845758182843,58.49071170047357,32711.416837006203,27285.91700827092,-5425.499828735283,-16.585951797102997
Bluetooth Speaker,2032,1828.8,Decrease 10%,41.42457522701861,60.72871033952424,36950.721102500596,41829.93568186429,4879.2145793636955,13.204653207792202
Wireless Headphones,2331,2447.55,Increase 5%,45.73977431357816,37.11606646008251,38009.75245458345,35169.32877425119,-2840.4236803322638,-7.4728812920478465
Webcam HD,1933,1739.7,Decrease 10%,47.93447607098342,70.24804220843221,35135.97096003085,37912.86837989087,2776.897419860019,7.9032892616484025
USB Cable,292,262.8,Decrease 10%,56.304404085557515,63.53104096561751,9684.357502715893,9072.23264989018,-612.1248528257129,-6.3207585289374935
USB Cable,302,271.8,Decrease 10%,71.08338191848169,74.65927712457561,12937.175509163668,11333.27826751058,-1603.8972416530887,-12.397584314420216
Smart Watch,4592,4362.4,Decrease 5%,55.0610479528999,69.3914507765094,87657.18834101663,94538.91253791639,6881.724196899755,7.850724312679845
USB Cable,296,325.6,Increase 10%,68.72651778480373,61.12914347732841,12095.867130125456,12568.151898938722,472.28476881326606,3.9045135312127686
Smart Watch,5234,4972.3,Decrease 5%,92.80202709150188,101.26185179682814,207319.72852241521,199718.75029888414,-7600.97822353107,-3.666307243263277
Mechanical Keyboard,3191,3510.1000000000004,Increase 10%,20.146656304828543,1.278632605027752,21980.002028567942,1802.9998363496334,-20177.002192218308,-91.79708976365775
Gaming Mouse,1336,1402.8,Increase 5%,60.585709636554675,58.004248081113765,33685.6545579244,36125.04570491765,2439.39114699325,7.2416320211280985
Smart Watch,4770,4293.0,Decrease 10%,-2.0197739296142316,19.72902962262818,-3574.99985541719,25509.635302058236,29084.635157475426,0.0
USB Cable,302,332.20000000000005,Increase 10%,64.19829534365235,63.502812033665414,11684.089752544727,13475.296713543803,1791.2069609990758,15.330308127845058
Smart Watch,4756,4756.0,Keep Same,90.00047026523468,90.00047026523468,158040.8257857521,158040.8257857521,0.0,0.0
Gaming Mouse,1318,1383.9,Increase 5%,66.98932256384619,68.57876179710117,36040.25553934925,41414.7142492694,5374.458709920145,14.912376811680032
Gaming Mouse,1344,1209.6000000000001,Decrease 10%,18.91975544715847,38.89532613513118,10670.742072197376,16709.43210765236,6038.690035454983,56.59109736321707
Bluetooth Speaker,1750,1662.5,Decrease 5%,56.212937215175124,67.02678906064016,34289.89170125683,35021.49728418448,731.605582927652,2.133589657563242
Bluetooth Speaker,2058,1852.2,Decrease 10%,24.83175576905821,50.346405599941654,22795.551795995434,35856.71006827845,13061.158272283017,57.29696034196247
Laptop Stand,879,835.05,Decrease 5%,63.06161911902708,70.56174041695063,21377.88888135018,20819.24151002128,-558.6473713289015,-2.6132017732408506
Power Bank,1363,1431.15,Increase 5%,61.597467454123404,54.360777237494865,28519.627431259138,28873.726829695403,354.0993984362649,1.2415989629939967
USB Cable,295,309.75,Increase 5%,59.06368540433532,63.623651202412134,10336.14494575868,12072.587815657702,1736.4428698990214,16.799714777718467
Bluetooth Speaker,1750,1837.5,Increase 5%,33.38787233653848,22.799882705472807,20366.60212528847,15902.918187067284,-4463.683938221187,-21.916684534622462
Webcam HD,1959,1763.1000000000001,Decrease 10%,28.45634272970235,43.32168011073201,21598.364131844082,24394.4380703532,2796.0739385091183,12.945767195334287
Webcam HD,1995,2094.75,Increase 5%,58.063670410805216,53.16757315036564,46160.61797659015,47571.686076289654,1411.068099699507,3.056865704040433
Mechanical Keyboard,3339,3172.0499999999997,Decrease 5%,68.07966840921718,77.61866590641272,84350.70915902009,83211.09078496973,-1139.618374050362,-1.3510477687886708
Power Bank,1411,1269.9,Decrease 10%,30.55147686380312,45.38733692048102,15611.804677403396,16788.775926885934,1176.971249482538,7.538982672426668
Gaming Mouse,1199,1258.95,Increase 5%,56.02603002098311,56.73355661062554,23474.90657879192,27172.536938659105,3697.630359867184,15.751416720046747
Webcam HD,2017,1815.3,Decrease 10%,37.40162339972915,53.7778037786693,30557.126317578713,33089.48266501522,2532.3563474365037,8.287285660038345
Laptop Stand,925,832.5,Decrease 10%,55.147862242917206,55.05885526708873,21231.926963523125,16104.715165623455,-5127.21179789967,-24.148593797954952
Gaming Mouse,1426,1354.7,Decrease 5%,66.63249406452701,76.10647550339974,43044.59116568445,43738.39147180383,693.8003061193813,1.611817622913063
Laptop Stand,950,855.0,Decrease 10%,32.64568889738363,50.70325294055834,13384.732447927288,15971.524676275878,2586.7922283485896,19.326439571447473
Mechanical Keyboard,3215,3054.25,Decrease 5%,78.96235388444808,96.00685841698758,88043.02458115961,91614.5446444104,3571.5200632507913,4.0565622094894085
Laptop Stand,913,1004.3000000000001,Increase 10%,65.32781628203004,57.03809762240213,24367.275473197205,26482.78872608131,2115.513252884106,8.681780017676024
USB Cable,300,270.0,Decrease 10%,47.52898449558346,57.152942491120136,8555.217209205022,8572.94137366802,17.724164462997578,0.20717375175380923
Phone Case,494,518.7,Increase 5%,59.24024852098485,46.49694066645647,17416.633065169546,14818.574990399678,-2598.0580747698677,-14.91710863430639
Smart Watch,4741,4266.900000000001,Decrease 10%,7.107157352051649,50.39080199756252,12373.56094992192,63840.10705071198,51466.54610079006,415.93964994462505
Laptop Stand,942,847.8000000000001,Decrease 10%,69.65459743554068,77.9507070780868,28001.14816908735,23993.22763863512,-4007.920530452233,-14.313414958022644
Gaming Mouse,1231,1107.9,Decrease 10%,59.1761874005863,73.8945561781943,26688.46051766442,24230.02497082992,-2458.435546834502,-9.211604937674563
Phone Case,460,414.0,Decrease 10%,38.885618665734874,43.731951401614836,10110.260853091067,9358.637599945574,-751.6232531454934,-7.434261727437976
Webcam HD,1840,1748.0,Decrease 5%,66.59496178086899,79.07344198082825,42620.77553975615,43332.24620549388,711.4706657377319,1.6693048325084572
Gaming Mouse,1393,1323.35,Decrease 5%,75.18546585921997,74.08283525423039,46088.690571701845,40252.90853538607,-5835.782036315773,-12.662069509735444
USB Cable,322,354.20000000000005,Increase 10%,75.11418624088222,63.1104373706693,15173.065620658208,14780.464432210754,-392.60118844745375,-2.587487580050568
Bluetooth Speaker,1896,1706.4,Decrease 10%,8.28421412364913,34.59525261494439,6262.865877478743,19594.751081104507,13331.885203625763,212.87195773371428
Phone Case,518,466.2,Decrease 10%,50.206428257888405,53.43913745614776,15965.644186008512,14225.498390826533,-1740.1457951819793,-10.899314646551849
Phone Case,472,424.8,Decrease 10%,47.634841877996685,58.424547855245734,12956.676990815098,13133.838357859242,177.16136704414384,1.3673364487648518
Mechanical Keyboard,3659,3293.1,Decrease 10%,27.33799318921421,58.605968955420934,42619.931381984956,69922.78156071271,27302.850178727756,64.06122509682973
Gaming Mouse,1233,1109.7,Decrease 10%,56.8766921880384,73.7774719108937,25765.141561181394,24324.432489021656,-1440.7090721597378,-5.591698647331934
USB Cable,306,275.40000000000003,Decrease 10%,59.89556919542643,68.85355285113891,11140.575870349316,10699.84211306699,-440.7337572823253,-3.956112883314586
Mechanical Keyboard,3359,3023.1,Decrease 10%,44.888769874230015,65.43153716805068,56514.961271655586,60399.85195982758,3884.890688171996,6.8740924540284825
Webcam HD,1848,1663.2,Decrease 10%,10.845924077467616,33.205645463592255,7028.158802199016,15380.854978735933,8352.696176536918,118.84615034485948
Power Bank,1472,1324.8,Decrease 10%,12.36849446189477,23.43557213812596,7074.778832203809,9955.431044275907,2880.6522120720983,40.7172051649107
Gaming Mouse,1284,1155.6000000000001,Decrease 10%,69.80266033370745,71.32688707815349,35180.540808188554,26790.378786554462,-8390.162021634093,-23.848871645774175
Bluetooth Speaker,1988,1789.2,Decrease 10%,43.50287768338753,70.64438681553787,36890.44027551263,45862.33592064719,8971.895645134558,24.320381047579907
Bluetooth Speaker,1888,1699.2,Decrease 10%,37.58908411613889,64.54394442801731,28116.634918871892,36092.97372414728,7976.338805275391,28.36875333157906
Laptop Stand,915,823.5,Decrease 10%,65.84200661351517,73.93285884114685,24690.75248006819,20959.965481465133,-3730.7869986030564,-15.11005791182251
Mechanical Keyboard,3173,3331.65,Increase 5%,31.315714574971878,19.774677428428856,33601.76173894483,24355.481454724402,-9246.280284220426,-27.517248518264093
Webcam HD,2024,2226.4,Increase 10%,11.335791488631127,2.8921875235659797,9340.692186632048,2968.541274188122,-6372.150912443926,-68.21925811411967
Power Bank,1528,1375.2,Decrease 10%,28.739559912521432,44.96251102795501,18048.44362506346,21366.18524048422,3317.7416154207604,18.382425013165616
Bluetooth Speaker,1746,1833.3000000000002,Increase 5%,71.58412739275892,68.04395804184267,43379.981200011905,47174.87611040954,3794.894910397634,8.748032630305962
Bluetooth Speaker,1972,2070.6,Increase 5%,25.248235668757303,16.72930435282418,21006.532076406074,15568.29063073818,-5438.241445667894,-25.888335237285403
Smart Watch,4641,4176.900000000001,Decrease 10%,1.3323690330359819,26.393071202698966,2186.4175832120463,31062.005498456427,28875.58791524438,1320.6803740035568
USB Cable,318,286.2,Decrease 10%,54.2889364485911,56.74157522949276,10749.209416821039,9430.449803141697,-1318.7596136793418,-12.268433542802356
Power Bank,1436,1292.4,Decrease 10%,32.62695402848829,44.436000281685914,17488.047359269724,17436.686510533556,-51.3608487361671,-0.29369115762911485
Gaming Mouse,1274,1146.6000000000001,Decrease 10%,31.539381265632628,47.38275045784035,15580.454345222519,17370.516317844278,1790.0619726217592,11.489151297892999
Smart Watch,5007,4506.3,Decrease 10%,1.1100085033555323,21.05770445787607,2227.787066234553,31719.22022489873,29491.43315866418,1323.7994602648962
Webcam HD,2047,1842.3,Decrease 10%,46.918497329665776,56.841827760035,39739.96723822691,36509.50597027048,-3230.4612679564307,-8.128998316961281
USB Cable,300,270.0,Decrease 10%,57.19071559043829,64.37019530931146,10294.328806278892,9655.529296396719,-638.7995098821739,-6.205353665141786
Mechanical Keyboard,3325,3158.75,Decrease 5%,3.641129136942888,3.375553867535882,4460.383192755038,3573.867657253615,-886.5155355014231,-19.875322302832245
Laptop Stand,883,794.7,Decrease 10%,59.1402848256414,64.69925325134491,20285.117695195,16478.89980311755,-3806.2178920774495,-18.763597772859068
Power Bank,1644,1479.6000000000001,Decrease 10%,26.59404073169297,33.01651303869526,19785.96630437957,19136.370957227777,-649.5953471517932,-3.283111560783398
Gaming Mouse,1358,1222.2,Decrease 10%,12.569163017572158,26.269322911853205,7264.976224156708,11616.294591621489,4351.318367464781,59.89446122337263
Wireless Headphones,2610,2740.5,Increase 5%,70.26696558280817,52.29302453616015,77996.33179691706,64869.49693710666,-13126.834859810398,-16.830066949801427
Smart Watch,4991,4491.900000000001,Decrease 10%,36.759679886609845,92.4678241095508,73188.52265424021,137952.7467890389,64764.2241347987,88.48959069820295
Webcam HD,2039,1835.1000000000001,Decrease 10%,36.82614017889941,63.88376168677121,30897.131610096603,40572.5770472684,9675.445437171798,31.315028072088236
Laptop Stand,955,1002.75,Increase 5%,66.00576903315618,53.03542811889298,27392.394148759817,24542.144362017727,-2850.24978674209,-10.405259836957823
Phone Case,539,512.05,Decrease 5%,78.96432474407385,85.47019682954563,26768.906088241034,26670.974920659708,-97.93116758132601,-0.3658392586477223
Gaming Mouse,1264,1390.4,Increase 10%,46.590409941818145,28.988484349205756,22549.758411839983,17694.570846755196,-4855.187565084787,-21.530995926481946
Wireless Headphones,2427,2305.65,Decrease 5%,59.19329858538702,78.11105636874522,54872.18778865377,62930.172563479595,8057.984774825825,14.685007286135617
Mechanical Keyboard,3603,3783.15,Increase 5%,45.75439754199743,30.860464690940702,68768.85950562214,51942.791144556846,-16826.068361065292,-24.46756930684548
Smart Watch,4576,4804.8,Increase 5%,86.72212873526232,62.309673221135405,136674.07488677342,112456.49822950519,-24217.576657268233,-17.71921754533996
Mechanical Keyboard,3314,3479.7000000000003,Increase 5%,75.2665586467517,56.575987166443205,91373.60219715656,78057.8894935417,-13315.71270361486,-14.57282232879862
Smart Watch,4855,4369.5,Decrease 10%,14.24728219154443,59.3748563943383,26428.708465314918,81313.8658320463,54885.15736673138,207.67249159663913
Laptop Stand,876,788.4,Decrease 10%,44.3916305835068,52.89980097913657,14915.587876058285,13140.310563217523,-1775.2773128407625,-11.90216119936073
Webcam HD,1867,1773.6499999999999,Decrease 5%,57.997504645103746,71.44363571439669,38684.3355982842,40983.64162756365,2299.3060292794544,5.943765076274019
Wireless Headphones,2411,2169.9,Decrease 10%,28.946608625576076,49.58599948623169,26370.360457899806,33217.66105582662,6847.300597926813,25.965896859311066
Phone Case,481,432.90000000000003,Decrease 10%,69.46922764744642,74.81944917259472,19520.852968932442,17425.44971229731,-2095.4032566351307,-10.734178777792025
Bluetooth Speaker,2004,1803.6000000000001,Decrease 10%,58.72115436678861,83.13085265983796,50735.07737290536,55165.63382506848,4430.556452163117,8.73272828500547
USB Cable,291,320.1,Increase 10%,58.83722895127148,42.579951457550365,10061.166150667423,8520.24828665583,-1540.9178640115933,-15.315499624358894
Smart Watch,4600,4140.0,Decrease 10%,7.1146869694465416,36.5876307719295,11383.499151114467,41709.899079999625,30326.399928885156,266.40666043284364
Power Bank,1632,1550.3999999999999,Decrease 5%,72.38017917223615,74.8184838247067,52982.29115407686,48661.94187958923,-4320.349274487635,-8.154327003193771
Gaming Mouse,1249,1124.1000000000001,Decrease 10%,42.52604868244131,50.5029304455291,19944.716832064976,17378.05836630657,-2566.6584657584062,-12.86886390701726
Smart Watch,5394,5124.3,Decrease 5%,98.04033470980107,106.08131743788665,234708.56129526376,225348.54263330263,-9360.018661961134,-3.9879323576042096
Phone Case,529,581.9000000000001,Increase 10%,64.3053083630145,72.77215385713788,21156.446451431773,27791.685558040965,6635.239106609191,31.36272966181496
Laptop Stand,909,954.45,Increase 5%,74.45241417108613,66.87463255635525,27472.940829130785,27716.19146298144,243.25063385065368,0.8854189850426358
Bluetooth Speaker,1917,1725.3,Decrease 10%,63.090165856604564,71.33079300195237,49021.05887058174,41749.91314404272,-7271.14572653902,-14.832698220034862
Bluetooth Speaker,2083,1874.7,Decrease 10%,38.27981785617253,61.86893887188558,36097.86823837069,45455.10938917434,9357.241150803646,25.92186632466359
Mechanical Keyboard,3463,3116.7000000000003,Decrease 10%,6.038689390980385,36.44904810108254,8230.733639906264,37057.74720437063,28827.013564464367,350.23625870600597
Power Bank,1566,1409.4,Decrease 10%,62.92780299281445,62.73637567733199,41909.91679321443,31957.909770032922,-9952.007023181504,-23.746186546456755
Laptop Stand,828,745.2,Decrease 10%,68.85858763900147,84.88994452510397,19831.273240032424,17419.416616551338,-2411.856623481086,-12.161884889026634
Power Bank,1472,1324.8,Decrease 10%,44.91124237407545,59.11253425046734,25689.230637971155,25111.004549598525,-578.2260883726303,-2.2508501578788294
Webcam HD,1808,1627.2,Decrease 10%,15.147662274923539,37.35277392315798,9209.778663153511,15957.105019973093,6747.326356819582,73.26263315984227
Smart Watch,4636,4172.400000000001,Decrease 10%,40.990241702700835,76.48300316434927,67060.03542561857,89668.67290988313,22608.63748426456,33.714025560486824
Power Bank,1489,1340.1000000000001,Decrease 10%,41.176966196173495,46.82736628633929,24253.23308954619,20608.723902617927,-3644.5091869282624,-15.026900427964577
Laptop Stand,971,1068.1000000000001,Increase 10%,53.04107187820687,32.03868626348206,22860.70197950716,16919.63021574488,-5941.07176376228,-25.988142311150327
Bluetooth Speaker,1980,1881.0,Decrease 5%,60.0447264510651,64.32585843973582,50437.57021889469,47665.461103844245,-2772.1091150504435,-5.496119466143452
Power Bank,1546,1623.3000000000002,Increase 5%,55.84898403691159,50.11886088974151,36078.44368784488,36250.97208155005,172.5283937051645,0.4782035367099017
Webcam HD,1871,1777.4499999999998,Decrease 5%,58.39384991223145,71.77609151845532,39182.2732911073,41447.10404733201,2264.8307562247064,5.780243375360066
Laptop Stand,941,846.9,Decrease 10%,51.854899044763066,62.4416963984605,20793.814516949988,19163.356624687527,-1630.4578922624605,-7.841071636632134
Bluetooth Speaker,1764,1587.6000000000001,Decrease 10%,56.79797322070125,72.38957978494477,35441.93528971758,32401.57591174129,-3040.3593779762887,-8.578423703793508
Smart Watch,5262,5525.1,Increase 5%,97.40332898055921,77.1315483908161,220326.33015402494,194764.87284164978,-25561.45731237516,-11.601635308183889
Phone Case,488,512.4,Increase 5%,78.96165924158268,83.02785152383007,22740.95786157581,25937.900816044512,3196.942954468701,14.058083981899486
Power Bank,1470,1323.0,Decrease 10%,42.48852491695477,52.10869213121247,24218.45920266422,22041.976771502876,-2176.4824311613447,-8.986874073813558
Mechanical Keyboard,3234,3395.7000000000003,Increase 5%,69.46714665808713,52.11123087427105,78775.7443102708,67520.52184379302,-11255.22246647779,-14.287675178475375
Gaming Mouse,1301,1170.9,Decrease 10%,36.280553390975655,49.701120772738065,18902.168316698317,19428.168110063314,525.9997933649975,2.7827484368569784
Power Bank,1408,1267.2,Decrease 10%,61.99000394828289,75.87598702553733,31490.92200572771,27861.66243577731,-3629.259569950398,-11.524780282045386
Gaming Mouse,1313,1181.7,Decrease 10%,23.180028801445744,33.00479238345757,12354.955351170582,13258.025100434907,903.0697492643249,7.309372827306597
Wireless Headphones,2496,2371.2,Decrease 5%,58.11148621450374,67.1724461715868,57879.040269645724,58520.63510468641,641.5948350406834,1.1085098026014844
Mechanical Keyboard,3571,3213.9,Decrease 10%,35.884832717257154,62.63128625302295,52786.58892708527,69764.98975724226,16978.400830156992,32.16423181579218
Phone Case,469,422.1,Decrease 10%,44.62333442668618,47.757971417778,12003.676960778583,10607.045451888494,-1396.6315088900883,-11.635030778098347
Webcam HD,2030,1827.0,Decrease 10%,27.64531887139707,45.612081258662585,22945.614663259566,28598.77494918144,5653.160285921873,24.637214425873246
Laptop Stand,825,742.5,Decrease 10%,64.11794576300458,69.5366941861944,18273.614542456307,14081.180572704365,-4192.433969751943,-22.94255446841883
USB Cable,275,247.5,Decrease 10%,76.38997729085116,68.57721805322439,11840.44648008193,8743.595301786108,-3096.8511782958212,-26.154851369037164
Bluetooth Speaker,2014,2114.7000000000003,Increase 5%,56.8001233785026,45.08428571180485,49643.30783281127,43943.653283296204,-5699.654549515064,-11.481214283122231
Mechanical Keyboard,3735,3361.5,Decrease 10%,21.65476987009832,52.23030532060952,35405.548737610756,65888.5301619489,30482.981424338148,86.09662188897684
Wireless Headphones,2484,2235.6,Decrease 10%,16.724648694055915,37.853689502375154,16457.05431495102,27845.17399794716,11388.11968299614,69.19901620942079
Laptop Stand,860,946.0000000000001,Increase 10%,42.92679088107734,34.65128163422076,13736.573081944749,14068.420343493632,331.84726154888267,2.415793659519493
Mechanical Keyboard,3264,3100.7999999999997,Decrease 5%,70.15543744865039,78.47872718955345,81660.92919022906,78541.51017130507,-3119.419018923989,-3.8199651288038927
Gaming Mouse,1371,1233.9,Decrease 10%,31.19787413821484,38.990733599312115,18437.94361568497,17697.89398072777,-740.0496349571986,-4.013731956136616
USB Cable,274,246.6,Decrease 10%,65.39660676947106,71.66527261536461,10071.077442498543,9072.82351310516,-998.2539293933824,-9.912086716570064
Power Bank,1378,1240.2,Decrease 10%,50.83361275546209,62.63835280545788,24298.46689711088,21309.567624416773,-2988.899272694107,-12.300773070787816
Phone Case,512,460.8,Decrease 10%,46.70247946576558,51.27832466176715,14571.173593318861,13373.387071788873,-1197.786521529988,-8.220247421108168
Wireless Headphones,2747,2472.3,Decrease 10%,29.203160478476736,54.00432379022493,36416.34111666049,52508.40402123571,16092.062904575214,44.18912612067193
Smart Watch,5058,4805.099999999999,Decrease 5%,93.68124919133243,110.18285694685092,192796.01083576214,198891.07507476053,6095.064238998399,3.1614057845785117
Wireless Headphones,2290,2175.5,Decrease 5%,52.47823394007179,60.07272690423397,41457.804812656716,40579.12702381005,-878.6777888466677,-2.119450831555883
Gaming Mouse,1202,1081.8,Decrease 10%,33.033222187029416,39.27852201765861,13940.019762926413,11854.257944929366,-2085.761817997047,-14.962402159171582
Wireless Headphones,2726,2453.4,Decrease 10%,32.16931212414091,53.94369361205141,39439.57666419676,51429.91748972982,11990.340825533065,30.401799004140667
Laptop Stand,842,926.2,Increase 10%,51.11867405758698,45.95473723619132,15437.839565391268,17747.71952061709,2309.8799552258224,14.96245601880809
Bluetooth Speaker,1821,1729.9499999999998,Decrease 5%,50.77941448383105,67.64604011705046,34580.78126348894,39907.78136705391,5327.000103564969,15.404510566073645
Phone Case,497,447.3,Decrease 10%,65.93973274213744,70.66653296719515,19584.10062441482,17475.833602787363,-2108.2670216274564,-10.765197044581935
Gaming Mouse,1409,1268.1000000000001,Decrease 10%,50.95434592827749,70.8158618075638,32050.28358888654,34565.2221482719,2514.938559385362,7.846852750649043
Mechanical Keyboard,3467,3120.3,Decrease 10%,-0.7044114138201893,30.96275776663812,-962.9304026921989,31591.30174930088,32554.23215199308,0.0
Power Bank,1520,1368.0,Decrease 10%,54.82155204509939,71.11106210872856,33989.362267961624,33279.97706688497,-709.3852010766568,-2.087080056060138
Webcam HD,2142,1927.8,Decrease 10%,31.299513550515925,52.58730336817426,29484.141764586002,38273.039391357226,8788.897626771224,29.80889759975224
Wireless Headphones,2521,2773.1000000000004,Increase 10%,64.95254300944424,28.26333488418807,66316.54641264256,35982.05164105984,-30334.494771582722,-45.74197000976481
Mechanical Keyboard,3723,3350.7000000000003,Decrease 10%,29.87217435445311,80.48749377001621,48482.5389772774,100665.70845815931,52183.16948088191,107.63291399680801
Phone Case,543,488.7,Decrease 10%,59.80390355280265,67.51213203516501,20512.73891861131,19490.752518552137,-1021.9864000591733,-4.982203518087582
Bluetooth Speaker,1837,1745.1499999999999,Decrease 5%,54.948661852926584,71.32075444780499,38299.21731148983,43159.75455408918,4860.537242599348,12.690957110345904
Bluetooth Speaker,1732,1558.8,Decrease 10%,44.491037671004,62.73413064830513,26338.69430123437,26273.053915510187,-65.64038572418212,-0.2492165517905186
Mechanical Keyboard,3750,3375.0,Decrease 10%,47.848812135158354,91.3169215876771,78950.54002301129,116429.07502428831,37478.53500127702,47.47090392333397
Wireless Headphones,2312,2080.8,Decrease 10%,7.061921752997677,24.444376212952935,5734.280463434114,14197.293704483069,8463.013241048955,147.58631523196675
Smart Watch,4891,5380.1,Increase 10%,39.772705619161464,3.2699476372495644,75210.18632583432,7782.80237141769,-67427.38395441663,-89.65193047428424
Gaming Mouse,1213,1091.7,Decrease 10%,68.33990117500547,69.49977834322827,29591.177208777368,21663.080909584256,-7928.096299193112,-26.79209496552733
Bluetooth Speaker,1950,2145.0,Increase 10%,41.13899984875426,19.479270927795604,33322.58987749095,19576.66728243458,-13745.92259505637,-41.251063154432636
Gaming Mouse,1224,1101.6000000000001,Decrease 10%,24.45233894903263,27.82935969978298,10856.838493370487,8949.92207945021,-1906.9164139202767,-17.564196198411693
Smart Watch,4903,5148.150000000001,Increase 5%,28.04080595934364,7.3589950641140165,53361.65374063094,15808.225246976528,-37553.42849365441,-70.37530859929151
USB Cable,275,302.5,Increase 10%,66.10160244602955,48.31373080847168,10245.74837913458,8817.255872546082,-1428.4925065884981,-13.942295415897746
Smart Watch,5006,4755.7,Decrease 5%,63.51833193174266,92.92488526410469,127417.77385507578,163148.2210581886,35730.44720311281,28.041964729153413
Gaming Mouse,1372,1234.8,Decrease 10%,43.73594161703155,52.93726650942644,25891.677437282677,24075.868808487143,-1815.8086287955339,-7.013097676633587
Phone Case,471,423.90000000000003,Decrease 10%,60.386711109685564,70.04092967074135,16364.798710724788,15682.16415327899,-682.6345574457973,-4.171359327496206
Webcam HD,1935,2031.75,Increase 5%,60.70143499829541,53.44616110607486,44615.554723747126,44453.844499977764,-161.71022376936162,-0.362452567878282
Power Bank,1591,1431.9,Decrease 10%,38.064770292804525,51.26088320454002,26302.756272327926,27265.663776494843,962.9075041669166,3.6608616001964513
Mechanical Keyboard,3841,3456.9,Decrease 10%,19.52018262538864,61.61830310908358,33984.63795080162,83609.87548871551,49625.23753791389,146.02255763252393
Laptop Stand,852,766.8000000000001,Decrease 10%,75.01407812867104,85.39543099876155,23404.392376145366,19367.683750519125,-4036.708625626241,-17.247654033268585
USB Cable,321,288.90000000000003,Decrease 10%,44.51380139550404,51.57280305375779,8947.274080496312,8710.646435779692,-236.62764471662013,-2.6446897970012135
Mechanical Keyboard,3456,3110.4,Decrease 10%,1.5022439656468296,30.68526007865195,2037.0428174171009,31004.386783469934,28967.343966052835,1422.0292140340189
Webcam HD,2067,2170.35,Increase 5%,27.537882328547983,22.39345795356124,23875.343978851102,21729.491925238144,-2145.852053612958,-8.98773251398499
Power Bank,1415,1485.75,Increase 5%,82.18236731278691,69.25545967155692,42323.91916608526,40566.38550261447,-1757.5336634707928,-4.152577781310784
Wireless Headphones,2344,2461.2000000000003,Increase 5%,35.381797797442125,20.77736524130344,29862.237341041153,19971.203469940872,-9891.03387110028,-33.12221304164154
Webcam HD,2134,2027.3,Decrease 5%,54.16679903329477,73.1232519298903,50591.790297097315,60494.866321598245,9903.07602450093,19.57447239235002
Bluetooth Speaker,2061,1854.9,Decrease 10%,16.043127603284358,35.0065410778761,14775.720522624893,25026.17621657363,10250.455693948736,69.37364359493009
Webcam HD,1824,1732.8,Decrease 5%,65.03492505207105,71.94173638637352,40581.79323249233,38330.557146659805,-2251.2360858325264,-5.547404159631974
Power Bank,1477,1329.3,Decrease 10%,37.711283321874774,48.155268937661624,21759.410476721743,20673.056954938133,-1086.3535217836106,-4.992568723062574
Phone Case,543,597.3000000000001,Increase 10%,49.76658192360902,49.83340759134918,17069.937599797893,19798.81283604303,2728.875236245138,15.986439436529912
Gaming Mouse,1332,1198.8,Decrease 10%,22.356295615540713,35.8089441141432,12340.675179778473,14996.785795003172,2656.1106152246994,21.523219568869482
Phone Case,517,465.3,Decrease 10%,55.15185117142398,56.897913592013985,17483.136821341403,15095.01647596131,-2388.1203453800917,-13.659564469374564
Mechanical Keyboard,3198,3038.1,Decrease 5%,56.11496845610702,59.92967772692283,61614.23536480551,56220.0306756263,-5394.204689179205,-8.754802615404058
USB Cable,322,289.8,Decrease 10%,35.6126940169547,49.068884347879894,7193.764191424849,8331.896562270007,1138.1323708451582,15.82109644630611
Phone Case,476,428.40000000000003,Decrease 10%,50.72497619105793,57.96497692030253,14000.093428731987,13239.200728597101,-760.8927001348857,-5.4349115883278865
Mechanical Keyboard,3410,3069.0,Decrease 10%,57.53667610844984,78.960258114862,75373.04570206928,76512.49011330128,1139.4444112319907,1.511739907308414
Laptop Stand,899,943.95,Increase 5%,69.81336111907723,73.87335789811807,25062.996641748727,29841.1429229448,4778.146281196074,19.064545032244347
Bluetooth Speaker,1814,1904.7,Increase 5%,24.723174640122494,20.702100145339653,16663.41970744256,15830.895981141233,-832.5237263013278,-4.996115688843203
Power Bank,1380,1242.0,Decrease 10%,40.65598283596532,54.199168227431606,19514.87176126335,18536.11553378161,-978.7562274817428,-5.0154376593166
Wireless Headphones,2638,2374.2000000000003,Decrease 10%,8.637370985406424,28.77195851598159,9829.32818139251,25152.446134671114,15323.117953278605,155.89181346377424
Bluetooth Speaker,1848,1663.2,Decrease 10%,35.44412331071829,47.14808309810223,25094.43930398855,24667.87707692709,-426.5622270614622,-1.6998276865013027
Wireless Headphones,2475,2351.25,Decrease 5%,59.46148598143773,73.4434888566695,57974.94883190179,62518.76988923991,4543.821057338122,7.8375594095182715
USB Cable,275,247.5,Decrease 10%,59.55580195422985,58.203574980964646,9231.149302905627,7420.955810072993,-1810.1934928326345,-19.60962208966604
Phone Case,450,405.0,Decrease 10%,60.90584858566532,60.156931719957306,15226.46214641633,12332.171002591247,-2894.291143825083,-19.008296976630763
USB Cable,299,328.90000000000003,Increase 10%,84.90326393573396,69.4126955308295,15197.684244496379,14500.312096390284,-697.3721481060948,-4.588673753757175
Gaming Mouse,1414,1272.6000000000001,Decrease 10%,54.41891320913321,60.63111777710766,34501.59097459046,29866.888617003242,-4634.702357587215,-13.433300397655737
Wireless Headphones,2324,2440.2000000000003,Increase 5%,60.34557271097406,45.6179608950742,49724.75191384263,42890.006833548774,-6834.745080293855,-13.745156722222204
Gaming Mouse,1199,1079.1000000000001,Decrease 10%,36.34187572875632,37.67608113196678,15227.245930348898,11268.91586657127,-3958.3300637776283,-25.995049149947842
Phone Case,511,459.90000000000003,Decrease 10%,70.75088317622576,70.33720139409643,22003.52466780621,18280.638642325663,-3722.8860254805477,-16.91949849710931
Power Bank,1620,1458.0,Decrease 10%,40.43379725523784,54.209507945367314,29112.334023771247,30248.90543351496,1136.5714097437121,3.9040889295089207
Bluetooth Speaker,1970,1773.0,Decrease 10%,30.45129169852152,53.318895362865874,25274.57210977286,33750.860764694095,8476.288654921234,33.53682356364691
Mechanical Keyboard,3614,3975.4000000000005,Increase 10%,33.4285166510447,1.9088755218615097,50610.77420968168,3579.9051536990764,-47030.86905598261,-92.92659476247599
Smart Watch,5456,4910.400000000001,Decrease 10%,15.920579267248073,57.080583737939754,39100.942680361266,109046.74717296014,69945.80449259887,178.88521272846359
Bluetooth Speaker,1847,1662.3,Decrease 10%,47.490554649877545,70.91905447345817,33575.82213746342,37041.0221514872,3465.2000140237797,10.320521713025633
Bluetooth Speaker,1709,1623.55,Decrease 5%,60.053236154261086,78.76460763869619,34170.29137177456,38086.62602369154,3916.334651916979,11.461226974353401
Laptop Stand,988,889.2,Decrease 10%,57.496017702649304,68.14950650723206,25758.21593078689,23797.807672325438,-1960.4082584614516,-7.610807610779909
Mechanical Keyboard,3760,3384.0,Decrease 10%,42.897377484534495,66.4617491467116,71209.64662432726,85336.88590437769,14127.239280050431,19.838940297766005
USB Cable,324,356.40000000000003,Increase 10%,49.66440670133148,46.205241213486374,10131.538967071621,10922.91902286818,791.3800557965587,7.811054750602178
Gaming Mouse,1315,1183.5,Decrease 10%,35.05986715209892,51.14996765899472,18757.02892637292,20639.01195040437,1881.9830240314477,10.033481482695404
Bluetooth Speaker,1788,1877.4,Increase 5%,69.36845450973986,67.30600593385613,44950.75852231143,49631.44877562551,4680.690253314082,10.41292829572789
USB Cable,294,264.6,Decrease 10%,65.63642482232783,60.386312177606335,11420.737919085042,8731.860740881877,-2688.8771782031654,-23.543812993990684
Laptop Stand,913,867.3499999999999,Decrease 5%,64.19823690094891,66.87707235415013,23945.942364053946,21892.20963513104,-2053.732728922907,-8.576537509777998
Power Bank,1634,1470.6000000000001,Decrease 10%,51.22137856107476,71.09589557290909,37596.49186382887,40567.31801390193,2970.8261500730587,7.901870634188757
Power Bank,1444,1588.4,Increase 10%,29.714390329531923,19.275090637741407,16164.628339265366,13268.972395021186,-2895.6559442441794,-17.913532457844177
Wireless Headphones,2734,2460.6,Decrease 10%,-0.045800031830692894,20.565934142862016,-56.517239279075035,19755.636337633252,19812.153576912326,0.0
Gaming Mouse,1186,1067.4,Decrease 10%,36.69569814386999,50.23423649586665,14898.453446411217,14437.319568912078,-461.1338774991382,-3.0951795040861607
Smart Watch,4632,4168.8,Decrease 10%,8.855849021631466,48.30343032107851,14452.745603302552,56457.04935927657,42004.30375597402,290.63200106681285
Wireless Headphones,2625,2362.5,Decrease 10%,3.6127868171793422,23.590786709891443,4064.38516932676,20347.05353728137,16282.668367954608,400.6182408802493
Wireless Headphones,2407,2527.35,Increase 5%,52.96272972083875,31.75513249295751,48037.19585680075,32623.635366639897,-15413.56049016085,-32.08671991618493
Power Bank,1574,1416.6000000000001,Decrease 10%,38.39422389562148,49.95876625927949,25877.706905648876,25808.698649543792,-69.008256105084,-0.26667067664337796
USB Cable,312,343.20000000000005,Increase 10%,71.72957396260657,66.90091665553878,13772.07820082046,14932.284597516258,1160.2063966957976,8.424337850671508
USB Cable,320,352.0,Increase 10%,45.72150551525113,44.34107797792217,9144.301103050226,10287.130090877943,1142.8289878277174,12.497718250403071
Smart Watch,4618,4387.099999999999,Decrease 5%,55.40517737611415,71.03750394172714,89645.5769945527,98536.12171756968,8890.544723016981,9.917438228499789
Mechanical Keyboard,3579,3400.0499999999997,Decrease 5%,93.76827257978374,92.63779312891805,138683.27514550014,120433.76295724988,-18249.512188250257,-13.159129800694211
Gaming Mouse,1195,1314.5,Increase 10%,42.175647443741305,31.291513391736203,17502.893689152643,16725.313907883,-777.5797812696437,-4.442578439195721
Wireless Headphones,2524,2650.2000000000003,Increase 5%,63.24091497880164,53.309257199875205,64758.69693829288,61316.30763129648,-3442.3893069964033,-5.315717378125411
Smart Watch,5020,4769.0,Decrease 5%,101.5291101285992,112.06669862615013,205088.80245977038,198245.98986965956,-6842.812590110814,-3.336512041632834
Bluetooth Speaker,2079,1871.1000000000001,Decrease 10%,39.799499449606834,72.18086554780204,37371.72998318082,52771.43080199808,15399.700818817262,41.20681816375081
Mechanical Keyboard,3706,3335.4,Decrease 10%,26.682618905307834,57.483372602153565,42852.28596192438,71014.95851270053,28162.672550776144,65.72035054512511
Mechanical Keyboard,3212,3533.2000000000003,Increase 10%,62.693758528704244,30.856163701518554,69715.45948391911,44223.0538170164,-25492.405666902712,-36.56635967920847
Wireless Headphones,2495,2245.5,Decrease 10%,18.936814333055516,40.785833944108774,18842.130261390237,30405.83920533309,11563.708943942853,61.371558223638154
Bluetooth Speaker,1712,1540.8,Decrease 10%,29.752849598446787,48.281714769836924,17018.629970311562,19351.311279750636,2332.6813094390745,13.706633927104356
USB Cable,299,269.1,Decrease 10%,53.37490454018839,52.704899060945046,9554.107912693722,7858.300449986908,-1695.8074627068145,-17.74951129088401
Laptop Stand,933,839.7,Decrease 10%,85.19396013824957,85.36515758542248,33481.22633433208,25583.93772835112,-7897.288605980961,-23.587214300698953
Bluetooth Speaker,2053,1847.7,Decrease 10%,12.499390168444993,28.211363359938613,11411.943223790278,19965.181849828557,8553.23862603828,74.94988765986403
Phone Case,501,450.90000000000003,Decrease 10%,74.0802499540777,83.20034728404109,22298.155236177387,20874.96713356591,-1423.1881026114752,-6.382537423106823
Power Bank,1402,1472.1000000000001,Increase 5%,74.63317408079322,82.55454189854551,37465.8533885582,47229.45342015789,9763.600031599693,26.05999636613489
Webcam HD,1935,1741.5,Decrease 10%,33.59940258179275,52.35911594611368,24695.560897617674,28352.461284820558,3656.9003872028843,14.807926017001934
Wireless Headphones,2286,2171.7,Decrease 5%,57.78609625791948,80.74646718899517,45419.87165872471,54237.40201084804,8817.530352123329,19.413375754067257
Phone Case,463,416.7,Decrease 10%,40.433440111392244,51.31552272100482,10633.99474929616,11120.073773641743,486.0790243455831,4.570991765608644
Smart Watch,4674,4206.6,Decrease 10%,38.61997406550806,82.62220516851004,64649.836585660494,99691.95275632424,35042.11617066375,54.202946242923964
Power Bank,1433,1289.7,Decrease 10%,22.94021647940299,33.27671697030036,12227.135383521794,12967.936603326052,740.8012198042579,6.058665391099025
Webcam HD,2101,1890.9,Decrease 10%,26.211558954971558,48.25843397833433,23616.614618429372,33341.752035631194,9725.137417201822,41.17921884372348
Phone Case,490,441.0,Decrease 10%,69.71467823783965,72.54490917410257,20217.2566889735,17483.32311095872,-2733.9335780147776,-13.522772253793791
Mechanical Keyboard,3636,3272.4,Decrease 10%,7.16287239422513,40.849683003793814,11002.1719975298,47892.168353647874,36889.99635611808,335.29739731755325
USB Cable,318,286.2,Decrease 10%,63.50282212448794,50.17883851093366,12573.558780648613,8339.722960517174,-4233.835820131439,-33.672533719312156
USB Cable,316,284.40000000000003,Decrease 10%,64.66897533928613,63.27113326468654,12675.119166500082,10401.77430871447,-2273.3448577856125,-17.93549100346123
Bluetooth Speaker,2039,1835.1000000000001,Decrease 10%,7.989379688653106,22.221022101350023,7182.452340099142,15445.832462648405,8263.380122549263,115.0495642890016
USB Cable,276,303.6,Increase 10%,72.68074915986516,64.74054303961096,11338.196868938965,11886.363702072573,548.1668331336077,4.834691437007175
Wireless Headphones,2610,2479.5,Decrease 5%,46.75756989764368,43.76799894930413,51900.90258638448,42870.754970843394,-9030.147615541086,-17.39882577284894
Smart Watch,4823,4340.7,Decrease 10%,-1.0798357372276932,22.752391239641437,-1968.5405489660848,30504.13093498727,32472.671483953356,0.0
Wireless Headphones,2305,2420.25,Increase 5%,52.98125306500351,39.16326716410497,42649.908717327824,36039.9966077676,-6609.912109560224,-15.498068596978607
Gaming Mouse,1304,1434.4,Increase 10%,24.144274715342707,11.05930634164567,12651.599950839578,7237.210069972927,-5414.389880866651,-42.79608825686386
Webcam HD,2118,2012.1,Decrease 5%,69.49919568659006,80.84872133407285,63800.261640289675,65657.24659540056,1856.9849551108855,2.9106227895752155
Mechanical Keyboard,3357,3524.8500000000004,Increase 5%,72.60621110495597,53.886022109565694,91266.00735892967,76779.4986028147,-14486.50875611497,-15.872841570840974
Bluetooth Speaker,1989,1790.1000000000001,Decrease 10%,43.576769116502554,58.35320584779822,36996.67697991067,37935.419121653635,938.742141742965,2.5373688081572987
Laptop Stand,913,821.7,Decrease 10%,34.200928620629725,40.50021608499247,12756.946375494887,11408.910871142381,-1348.035504352505,-10.567070399715544
Smart Watch,5303,5037.849999999999,Decrease 5%,102.01102122878228,106.06920678835168,234931.3818898856,216153.1330536424,-18778.248836243205,-7.993078100159788
Laptop Stand,925,832.5,Decrease 10%,66.47949647627583,68.00456374422974,25594.606143366193,19891.3348951872,-5703.271248178993,-22.283098306856388
Mechanical Keyboard,3679,3311.1,Decrease 10%,10.775463486974733,48.45220396679093,17014.456845933102,58680.46422418049,41666.00737824739,244.88590940948347
Mechanical Keyboard,3711,3896.55,Increase 5%,53.70854062838591,46.211544170800025,86524.4589523297,83021.3496800508,-3503.1092722789035,-4.048692490766024
USB Cable,269,242.1,Decrease 10%,57.33260657183366,62.46468236174518,8542.558379203216,7626.937716369086,-915.6206628341297,-10.718342470602254
Mechanical Keyboard,3590,3769.5,Increase 5%,22.531184347663945,5.291040431046962,33571.46467801928,8833.391999632904,-24738.072678386372,-73.6877968109133
Gaming Mouse,1279,1151.1000000000001,Decrease 10%,51.41302971054463,63.172846288447886,25655.101825561767,23443.44325764302,-2211.6585679187483,-8.620735879189285
Smart Watch,5362,4825.8,Decrease 10%,60.65111892178498,98.99013810651648,143257.9428932561,180736.1941548778,37478.251261621685,26.161377515763544
Gaming Mouse,1341,1408.05,Increase 5%,76.38680740982205,75.18130725265307,42852.998956910174,47217.62002002876,4364.621063118582,10.185100621562855
Wireless Headphones,2641,2376.9,Decrease 10%,20.669460614242492,52.293882256834124,23583.854560850683,45856.50535101785,22272.650790167165,94.44024823295797
Phone Case,476,452.2,Decrease 5%,89.06984830725501,95.11675505757334,24583.278132802385,23988.445625519995,-594.83250728239,-2.419663089963103
Smart Watch,4909,4418.1,Decrease 10%,18.399141166096687,75.83539770396835,35123.96048607858,107542.17748399756,72418.21699791898,206.17896158555934
USB Cable,288,259.2,Decrease 10%,40.93777902007153,58.46137365457813,6877.546875372017,8137.823212717275,1260.276337345258,18.324503782856265
Gaming Mouse,1208,1087.2,Decrease 10%,49.007237436668774,61.378257253009195,20975.097622894235,18855.40062812443,-2119.6969947698053,-10.105778923556306
Bluetooth Speaker,1763,1851.15,Increase 5%,63.259174496121524,50.390066019997874,39410.46571108371,35834.89545012149,-3575.5702609622167,-9.072641483545402
Webcam HD,1899,1709.1000000000001,Decrease 10%,17.25630140543357,34.557517031635804,12062.154682398066,17593.231920805792,5531.077238407726,45.8548027615585
Mechanical Keyboard,3277,3604.7000000000003,Increase 10%,45.798170643407325,7.853362553803188,53904.44684729042,11816.95463470766,-42087.49221258276,-78.07795956392111
USB Cable,313,281.7,Decrease 10%,62.55815460691449,57.948451600153454,12073.723839134496,9370.264623744813,-2703.459215389683,-22.39126264116606
Gaming Mouse,1195,1075.5,Decrease 10%,88.2277239313965,89.27431322663173,36614.50543152955,26380.55955846968,-10233.94587305987,-27.950523303387836
Bluetooth Speaker,1818,1636.2,Decrease 10%,40.00725997384652,62.649632637329425,27124.92226226794,31086.747714642865,3961.8254523749238,14.605849978364773
USB Cable,273,300.3,Increase 10%,91.01870062200469,80.76016684917045,13925.861195166717,14561.058082905432,635.1968877387153,4.561275448869005
Webcam HD,2072,1864.8,Decrease 10%,28.666549305325216,59.14267151766074,24997.23099424359,39318.04802494086,14320.817030697268,57.289613533575356
Wireless Headphones,2509,2383.5499999999997,Decrease 5%,74.97355989185186,86.13388651698993,75648.32193087853,76103.59543208643,455.27350120789197,0.6018289495223502
Mechanical Keyboard,3662,3845.1000000000004,Increase 5%,16.87859168955446,6.027512377371035,26364.36021908407,10518.611849750194,-15845.748369333875,-60.10291255944756
USB Cable,317,348.70000000000005,Increase 10%,55.77457226639888,58.343519640506784,10987.590736480579,13343.162941783905,2355.572205303326,21.438477841028835
Smart Watch,4628,4165.2,Decrease 10%,33.21916813322104,68.73592650039274,54080.80572088385,80091.10155825761,26010.295837373757,48.09524468184766
Wireless Headphones,2560,2688.0,Increase 5%,75.44037037121096,54.57529371973463,79966.79259348362,64835.44893904474,-15131.343654438882,-18.92203396397308
Mechanical Keyboard,3156,2840.4,Decrease 10%,23.658823166649423,71.47842323726428,24983.71726398179,52922.62456487048,27938.907300888688,111.82846413798997
Smart Watch,5330,5063.5,Decrease 5%,70.34242435518732,97.92873610518035,163897.84874758645,202075.94695303965,38178.09820545319,23.29383728779137
Smart Watch,5304,5038.8,Decrease 5%,24.40463556225763,49.35930555596056,56228.28033544158,100633.7521674924,44405.471832050825,78.9735548857989
Power Bank,1485,1559.25,Increase 5%,77.25342290202424,81.0121122061036,45193.252397684184,53407.2349718738,8213.982574189613,18.175241077826296
Phone Case,485,533.5,Increase 10%,77.50567143064157,60.745376843535034,22089.116357732848,20258.583177318935,-1830.5331804139132,-8.28703670517399
Mechanical Keyboard,3828,4019.4,Increase 5%,92.46347342388277,81.42825363910347,159776.88207646942,156293.39003489522,-3483.492041574209,-2.180222818409365
Gaming Mouse,1246,1121.4,Decrease 10%,46.98349308938881,46.40220145005661,21894.307779655184,15841.71157504933,-6052.596204605854,-27.64461094417472
Laptop Stand,966,1014.3000000000001,Increase 5%,108.02774357796656,107.4952997480498,46019.81876421376,50985.02067050003,4965.201906286275,10.789268709913626
Wireless Headphones,2414,2172.6,Decrease 10%,63.421156061521636,76.98208837867841,57966.93664023077,51778.152643499096,-6188.783996731676,-10.676403404137242
Laptop Stand,870,957.0000000000001,Increase 10%,48.85547108732223,39.1799352661639,16122.305458816336,16338.033005990352,215.72754717401585,1.3380688495518314
Mechanical Keyboard,3577,3219.3,Decrease 10%,20.486956626886254,55.14038714227651,30259.234937911,61718.63532835011,31459.40039043911,103.96627824527201
Smart Watch,4868,4381.2,Decrease 10%,5.101661715179601,43.79391827719106,9529.904083955495,60488.15992445628,50958.25584050079,534.7195039065912
Gaming Mouse,1255,1129.5,Decrease 10%,31.429475920135886,39.66846878451143,14929.001062064546,13864.129840186746,-1064.8712218778,-7.132903383493618
Power Bank,1631,1794.1000000000001,Increase 10%,12.921538003868083,11.648549270584914,9445.644280827568,10414.967902829972,969.3236220024046,10.262122870431433
Gaming Mouse,1383,1244.7,Decrease 10%,48.69588662683695,67.94193501550343,29363.619635982683,31572.61720170445,2208.9975657217656,7.522906212198792
USB Cable,315,283.5,Decrease 10%,52.60384182615792,53.5952298519504,10257.749156100794,8762.82008079389,-1494.9290753069035,-14.5736559995503
Smart Watch,4937,5183.85,Increase 5%,131.53544178370385,104.70150215283844,254784.15073503435,228652.37547647627,-26131.775258558075,-10.256436745837503
Wireless Headphones,2293,2063.7000000000003,Decrease 10%,37.7305527112848,57.257189747588434,29920.328300048848,32275.877860715616,2355.5495606667682,7.872739687361394
Smart Watch,4813,4331.7,Decrease 10%,58.03171344885484,79.81219965511167,105211.49648277381,106285.9062807122,1074.4097979383805,1.0211904913968148
USB Cable,295,265.5,Decrease 10%,65.03920652696328,74.56680377580471,11381.861142218575,10849.469949379585,-532.3911928389898,-4.6775407482718165
USB Cable,306,275.40000000000003,Decrease 10%,82.75728800173114,76.99226109218498,15392.855568321993,11964.597373725548,-3428.258194596445,-22.271749250033185
Mechanical Keyboard,3747,3559.6499999999996,Decrease 5%,51.227133506237585,69.4643287458461,84371.0888847733,101393.60745387424,17022.51856910094,20.17577204953324
Smart Watch,5441,4896.900000000001,Decrease 10%,4.788155093887487,38.67036549270225,11687.886584179356,73353.81630310693,61665.92971892757,527.605476617117
Bluetooth Speaker,1942,1747.8,Decrease 10%,48.50951619120325,65.3570897899019,38904.631985345004,39724.03917430237,819.4071889573679,2.106194422468848
USB Cable,275,247.5,Decrease 10%,48.79985988789604,48.33955974237609,7563.978282623886,6163.293867152951,-1400.6844154709352,-18.517827036714447
USB Cable,286,314.6,Increase 10%,58.41691073817258,44.49593866645903,9697.20718253665,8658.909664492929,-1038.2975180437206,-10.707180928479627
Webcam HD,1849,1941.45,Increase 5%,64.08184334511036,54.21455511291663,41589.11633097662,40197.38188847204,-1391.7344425045812,-3.346390991885496
Mechanical Keyboard,3297,2967.3,Decrease 10%,48.932754589867685,79.55929905413112,58572.50724407162,69001.78006964794,10429.272825576321,17.805747638764284
Smart Watch,4604,4834.2,Increase 5%,51.164073554170415,23.860426241551338,82067.17398088935,43764.79381225346,-38302.380168635886,-46.67198626524559
USB Cable,282,253.8,Decrease 10%,40.0008605179761,51.93790723726629,6480.139403912129,6949.29198834623,469.1525844341013,7.239853268447726
Laptop Stand,840,756.0,Decrease 10%,50.666618812792436,62.47758024777311,15199.98564383773,13495.157333518991,-1704.8283103187387,-11.215986319104834
Mechanical Keyboard,3476,3128.4,Decrease 10%,19.081919464313778,52.260486437035,26256.72118289576,53744.6842518468,27487.963068951038,104.68924462227729
USB Cable,322,289.8,Decrease 10%,45.06323680915866,54.78161377182704,9102.773835450049,9301.918018456232,199.14418300618308,2.1877307577458582
Laptop Stand,901,810.9,Decrease 10%,58.77816170446843,57.75920487993875,21218.916375313103,15646.968601975406,-5571.947773337697,-26.259341781563894
USB Cable,321,353.1,Increase 10%,74.74197117961039,79.74345877692834,15023.136207101688,18588.200240901995,3565.064033800307,23.73049132121322
Smart Watch,4947,4452.3,Decrease 10%,55.02836746591875,84.74798357803546,107140.2314561438,123079.4965503809,15939.265094237111,14.877012003433654
Smart Watch,5327,4794.3,Decrease 10%,-1.4322763885513694,18.561965165393485,-3332.9071561590367,33305.734096265536,36638.641252424575,0.0
Mechanical Keyboard,3330,3163.5,Decrease 5%,68.11272572987198,83.47646429416949,83778.65264774254,88777.21977684925,4998.567129106712,5.966397132362335
Laptop Stand,865,908.25,Increase 5%,74.13178144205078,68.89181504841129,24092.828968666505,25369.410891577456,1276.581922910951,5.298597041348638
Mechanical Keyboard,3255,2929.5,Decrease 10%,9.410241611367182,32.54489911729982,10868.829061129096,26995.9938178002,16127.164756671105,148.37996499869283
Webcam HD,2081,1976.9499999999998,Decrease 5%,71.6062007989177,82.80794725950061,63085.06290384649,64337.63462326898,1252.5717194224926,1.9855282086849113
Power Bank,1525,1372.5,Decrease 10%,48.0181544885202,64.89939868589727,30011.346555325126,30664.96587908646,653.6193237613334,2.1779073543281484
Smart Watch,5103,4592.7,Decrease 10%,44.013421269804454,82.22053552630575,92560.22493039876,130952.64693274716,38392.422002348394,41.47831536841858
Gaming Mouse,1354,1218.6000000000001,Decrease 10%,43.377958583452994,47.81470316674421,24898.94822690202,20971.528808934017,-3927.4194179680017,-15.77343501491613
Mechanical Keyboard,3571,3392.45,Decrease 5%,59.31783807074847,82.88724626783542,87256.539802071,107127.62143886388,19871.08163679288,22.773171709384293
